first_name,middle_name,last_name,employee_id,other_id,driver's_license_no,license_expiry_date,gender,marital_status,nationality,date_of_birth,address_street_1,address_street_2,city,state/province,zip/postal_code,country,home_telephone,mobile,work_telephone,work_email,other_email
Name1NNN,,Lastn1,101,,,,Male,Single,Indian,1/1/90,,,,,,,,1234567890,1234567890,abc@gmail.com,
Name2NN,,Lastn2,102,,,,Female,Married,Indian,1/2/90,,,,,,,,1234567891,1234567891,abc@gmail.com,
Name3Nn,,Lastn3,103,,,,Female,Single,Indian,1/3/90,,,,,,,,1234567892,1234567892,abc@gmail.com,
Name4NN,,Lastn4,104,,,,Male,Married,Indian,1/4/90,,,,,,,,1234567893,1234567893,abc@gmail.com,
Name5NN,,Lastn5,105,,,,Female,Single,Indian,1/5/90,,,,,,,,1234567894,1234567894,abc@gmail.com,
Name6NN,,Lastn6,106,,,,Male,Married,Indian,1/6/90,,,,,,,,1234567895,1234567895,abc@gmail.com,
Name7NN,,Lastn7,107,,,,Female,Single,Indian,1/7/90,,,,,,,,1234567896,1234567896,abc@gmail.com,
Name8NN,,Lastn8,108,,,,Female,Married,Indian,1/8/90,,,,,,,,1234567897,1234567897,abc@gmail.com,
Name9NN,,Lastn9,109,,,,Male,Single,Indian,1/9/90,,,,,,,,1234567898,1234567898,abc@gmail.com,
Name10NN,,Lastn10,110,,,,Female,Married,Indian,1/10/90,,,,,,,,1234567899,1234567899,abc@gmail.com,